<?xml version="1.0" encoding="utf-8"?>
<!--
- phpMyAdmin XML Dump
- version 5.1.1
- https://www.phpmyadmin.net
-
- Host: 127.0.0.1
- Generation Time: Jul 21, 2022 at 10:51 AM
- Server version: 10.4.19-MariaDB
- PHP Version: 7.4.20
-->

<pma_xml_export version="1.0" xmlns:pma="https://www.phpmyadmin.net/some_doc_url/">
    <!--
    - Structure schemas
    -->
    <pma:structure_schemas>
        <pma:database name="business_model" collation="utf8mb4_general_ci" charset="utf8mb4">
            <pma:table name="dependent">
                CREATE TABLE `dependent` (
                  `d_id` int(10) NOT NULL,
                  `dept_id` int(10) NOT NULL,
                  `gender` char(2) NOT NULL,
                  `dept_name` varchar(150) NOT NULL,
                  PRIMARY KEY (`d_id`)
                ) ENGINE=InnoDB DEFAULT CHARSET=utf8mb4;
            </pma:table>
        </pma:database>
    </pma:structure_schemas>

    <!--
    - Database: 'business_model'
    -->
    <database name="business_model">
        <!-- Table dependent -->
        <table name="dependent">
            <column name="d_id">500</column>
            <column name="dept_id">200</column>
            <column name="gender">M</column>
            <column name="dept_name">cloud</column>
        </table>
        <table name="dependent">
            <column name="d_id">501</column>
            <column name="dept_id">201</column>
            <column name="gender">M</column>
            <column name="dept_name">Machine Learning</column>
        </table>
        <table name="dependent">
            <column name="d_id">502</column>
            <column name="dept_id">203</column>
            <column name="gender">M</column>
            <column name="dept_name">Management</column>
        </table>
    </database>
</pma_xml_export>