<?xml version="1.0" encoding="utf-8"?>
<!--
- phpMyAdmin XML Dump
- version 5.1.1
- https://www.phpmyadmin.net
-
- Host: 127.0.0.1
- Generation Time: Jul 21, 2022 at 10:32 AM
- Server version: 10.4.19-MariaDB
- PHP Version: 7.4.20
-->

<pma_xml_export version="1.0" xmlns:pma="https://www.phpmyadmin.net/some_doc_url/">
    <!--
    - Structure schemas
    -->
    <pma:structure_schemas>
        <pma:database name="business_model" collation="utf8mb4_general_ci" charset="utf8mb4">
            <pma:table name="employee">
                CREATE TABLE `employee` (
                  `eid` int(10) NOT NULL,
                  `ename` varchar(25) NOT NULL,
                  `address` varchar(25) NOT NULL,
                  `class` varchar(25) NOT NULL,
                  PRIMARY KEY (`eid`)
                ) ENGINE=InnoDB DEFAULT CHARSET=utf8mb4;
            </pma:table>
        </pma:database>
    </pma:structure_schemas>

    <!--
    - Database: 'business_model'
    -->
    <database name="business_model">
        <!-- Table employee -->
        <table name="employee">
            <column name="eid">100</column>
            <column name="ename">Rohan</column>
            <column name="address">Kng 102/43 B</column>
            <column name="class">HR</column>
        </table>
        <table name="employee">
            <column name="eid">101</column>
            <column name="ename">Prithi</column>
            <column name="address">Sodpur</column>
            <column name="class">Group B</column>
        </table>
        <table name="employee">
            <column name="eid">102</column>
            <column name="ename">Rudra</column>
            <column name="address">sector III ,97</column>
            <column name="class">Group B</column>
        </table>
    </database>
</pma_xml_export>