<?xml version="1.0" encoding="utf-8"?>
<!--
- phpMyAdmin XML Dump
- version 5.1.1
- https://www.phpmyadmin.net
-
- Host: 127.0.0.1
- Generation Time: Jul 21, 2022 at 10:42 AM
- Server version: 10.4.19-MariaDB
- PHP Version: 7.4.20
-->

<pma_xml_export version="1.0" xmlns:pma="https://www.phpmyadmin.net/some_doc_url/">
    <!--
    - Structure schemas
    -->
    <pma:structure_schemas>
        <pma:database name="business_model" collation="utf8mb4_general_ci" charset="utf8mb4">
            <pma:table name="product">
                CREATE TABLE `product` (
                  `product_id` int(10) NOT NULL,
                  `dept_id` int(10) NOT NULL,
                  `product_name` varchar(50) NOT NULL,
                  PRIMARY KEY (`product_id`)
                ) ENGINE=InnoDB DEFAULT CHARSET=utf8mb4;
            </pma:table>
        </pma:database>
    </pma:structure_schemas>

    <!--
    - Database: 'business_model'
    -->
    <database name="business_model">
        <!-- Table product -->
        <table name="product">
            <column name="product_id">300</column>
            <column name="dept_id">200</column>
            <column name="product_name">Azura Microsoft</column>
        </table>
        <table name="product">
            <column name="product_id">301</column>
            <column name="dept_id">201</column>
            <column name="product_name">Predictive Models</column>
        </table>
        <table name="product">
            <column name="product_id">302</column>
            <column name="dept_id">203</column>
            <column name="product_name">client handle</column>
        </table>
    </database>
</pma_xml_export>