<?xml version="1.0" encoding="utf-8"?>
<!--
- phpMyAdmin XML Dump
- version 5.1.1
- https://www.phpmyadmin.net
-
- Host: 127.0.0.1
- Generation Time: Jul 21, 2022 at 10:47 AM
- Server version: 10.4.19-MariaDB
- PHP Version: 7.4.20
-->

<pma_xml_export version="1.0" xmlns:pma="https://www.phpmyadmin.net/some_doc_url/">
    <!--
    - Structure schemas
    -->
    <pma:structure_schemas>
        <pma:database name="business_model" collation="utf8mb4_general_ci" charset="utf8mb4">
            <pma:table name="project">
                CREATE TABLE `project` (
                  `p_id` int(10) NOT NULL,
                  `e_id` int(10) NOT NULL,
                  `dept_id` int(10) NOT NULL,
                  `project_name` varchar(50) NOT NULL,
                  PRIMARY KEY (`p_id`)
                ) ENGINE=InnoDB DEFAULT CHARSET=utf8mb4;
            </pma:table>
        </pma:database>
    </pma:structure_schemas>

    <!--
    - Database: 'business_model'
    -->
    <database name="business_model">
        <!-- Table project -->
        <table name="project">
            <column name="p_id">400</column>
            <column name="e_id">101</column>
            <column name="dept_id">200</column>
            <column name="project_name">Azuriral Concept</column>
        </table>
        <table name="project">
            <column name="p_id">401</column>
            <column name="e_id">102</column>
            <column name="dept_id">201</column>
            <column name="project_name">Flight Price prediction</column>
        </table>
        <table name="project">
            <column name="p_id">402</column>
            <column name="e_id">100</column>
            <column name="dept_id">203</column>
            <column name="project_name">Step Plus</column>
        </table>
    </database>
</pma_xml_export>